line,facilityId,contactName
3,FAC-2025111201,yu-aikoubou@cc9.ne.jp
4,FAC-2025111202,umigame@cc9.ne.jp
5,FAC-2025111203,stsw@cc9.ne.jp
6,FAC-2025111204,kouwa-cares@cc9.ne.jp
7,FAC-2025111205,nohara12@violin.ocn.ne.jp
8,FAC-2025111206,yukkura@grace.ocn.ne.jp
9,FAC-2025111207,warashibenosato@cc9.ne.jp
10,FAC-2025111208,kuranomachi_wave1@yahoo.co.jp
11,FAC-2025111209,t-tochigi@cc9.ne.jp
12,FAC-2025111210,soudankurabu@gmail.com
13,FAC-2025111211,zaitaku-tochigi@tochigishi-shakyo.or.jp
14,FAC-2025111212,ayumien@ayumien.or.jp
15,FAC-2025111213,konoyubi-tomare@tmt.ne.jp
16,FAC-2025111214,nasubinosato@cc9.ne.jp
17,FAC-2025111215,etusoudan@sfk.or.jp
18,FAC-2025111217,sp-frontier@cc9.ne.jp
19,FAC-2025111218,m2-soudan@suginokokai.or.jp
20,FAC-2025111219,sakura@tensei-kai.or.jp
21,FAC-2025111220,wisdom@merryland.ed.jp
22,FAC-2025111221,honbu.hibarino@tsuganosato.com
23,FAC-2025111222,heartfulfukiage@cc9.ne.jp
24,LIF-2025111202,yukkura@grace.ocn.ne.jp
25,LIF-2025111203,umigame@cc9.ne.jp
26,LIF-2025111204,ayumien@ayumien.or.jp
27,LIF-2025111205,konoyubi-tomare@tmt.ne.jp
28,LIF-2025111206,nasubinosato@cc9.ne.jp
29,LIF-2025111208,sp-frontier@cc9.ne.jp
30,LIF-2025111209,m2-soudan@suginokokai.or.jp
31,LIF-2025111210,sakura@tensei-kai.or.jp
32,LIF-2025111211,wisdom@merryland.ed.jp
33,LIF-2025111212,honbu.hibarino@tsuganosato.com
34,LIF-2025111213,heartfulfukiage@cc9.ne.jp
35,LIF-2025111214,kouwa-cares@cc9.ne.jp
36,LIF-2025111215,kuranomachi_wave1@yahoo.co.jp
37,LIF-2025111216,warashibenosato@cc9.ne.jp
38,LIF-2025111217,t-tochigi@cc9.ne.jp
39,LIF-2025111218,zaitaku-tochigi@tochigishi-shakyo.or.jp
40,JOBB-2025111201,umigame@cc9.ne.jp
41,JOBB-2025111202,warashibenosato@cc9.ne.jp
42,JOBB-2025111203,ayumien@ayumien.or.jp
43,JOBB-2025111204,m2-soudan@suginokokai.or.jp
44,JOBB-2025111205,honbu.hibarino@tsuganosato.com
45,JOBB-2025111206,heartfulfukiage@cc9.ne.jp
46,JOBB-2025111207,zaitaku-tochigi@tochigishi-shakyo.or.jp
47,JOBB-2025111208,sakura@tensei-kai.or.jp
48,JOBB-2025111209,nohara12@violin.ocn.ne.jp
49,JOBB-2025111210,kuranomachi_wave1@yahoo.co.jp
50,JOBB-2025111213,kouwa-cares@cc9.ne.jp
51,JOBB-2025111214,sp-frontier@cc9.ne.jp
52,JOBB-2025111215,nasubinosato@cc9.ne.jp
53,JOBA-2025111201,nohara12@violin.ocn.ne.jp
54,JOBA-2025111202,sp-frontier@cc9.ne.jp
55,JOBA-2025111203,heartfulfukiage@cc9.ne.jp
56,JOBA-2025111204,kuranomachi_wave1@yahoo.co.jp
57,JOBA-2025111205,kouwa-cares@cc9.ne.jp
58,JOBA-2025111206,zaitaku-tochigi@tochigishi-shakyo.or.jp
59,JOBC-2025111201,sp-frontier@cc9.ne.jp
60,JOBC-2025111202,umigame@cc9.ne.jp
61,JOBC-2025111203,nohara12@violin.ocn.ne.jp
62,JOBC-2025111204,heartfulfukiage@cc9.ne.jp
63,JOBC-2025111205,sakura@tensei-kai.or.jp
64,JOBC-2025111206,kouwa-cares@cc9.ne.jp
65,JOBC-2025111207,kuranomachi_wave1@yahoo.co.jp
66,JOBC-2025111208,zaitaku-tochigi@tochigishi-shakyo.or.jp
67,JOBC-2025111209,nasubinosato@cc9.ne.jp
